{
  "Normal": {
    "precision": 0.8316498316498316,
    "recall": 0.875886524822695,
    "f1-score": 0.853195164075993,
    "support": 282.0
  },
  "Benign": {
    "precision": 0.824390243902439,
    "recall": 0.7316017316017316,
    "f1-score": 0.7752293577981652,
    "support": 231.0
  },
  "Malignant": {
    "precision": 0.6935483870967742,
    "recall": 0.8431372549019608,
    "f1-score": 0.7610619469026548,
    "support": 51.0
  },
  "accuracy": 0.8138297872340425,
  "macro avg": {
    "precision": 0.7831961542163484,
    "recall": 0.8168751704421292,
    "f1-score": 0.796495489592271,
    "support": 564.0
  },
  "weighted avg": {
    "precision": 0.8161885932777507,
    "recall": 0.8138297872340425,
    "f1-score": 0.8129311652709957,
    "support": 564.0
  }
}