{
  "split_strategy": "stratified",
  "test_set_size": 564,
  "macro_auc": 0.9148484621547216,
  "per_class_auc": {
    "Normal": 0.9119699713294099,
    "Benign": 0.8911313911313912,
    "Malignant": 0.9414440240033635
  },
  "per_class_average_precision": {
    "Normal": 0.8828456416326398,
    "Benign": 0.8563130230027913,
    "Malignant": 0.8493906636592395
  },
  "per_class_sensitivity": {
    "Normal": 0.875886524822695,
    "Benign": 0.7316017316017316,
    "Malignant": 0.8431372549019608
  },
  "per_class_specificity": {
    "Normal": 0.8226950354609929,
    "Benign": 0.8918918918918919,
    "Malignant": 0.9629629629629629
  },
  "malignant_sensitivity": 0.8431372549019608,
  "accuracy": 0.8138297872340425
}