{
  "Normal": {
    "precision": 0.5769230769230769,
    "recall": 0.26223776223776224,
    "f1-score": 0.3605769230769231,
    "support": 286.0
  },
  "Benign": {
    "precision": 0.536144578313253,
    "recall": 0.6433734939759036,
    "f1-score": 0.5848849945235487,
    "support": 415.0
  },
  "Malignant": {
    "precision": 0.21666666666666667,
    "recall": 0.3644859813084112,
    "f1-score": 0.27177700348432055,
    "support": 107.0
  },
  "accuracy": 0.4715346534653465,
  "macro avg": {
    "precision": 0.4432447739676655,
    "recall": 0.4233657458406923,
    "f1-score": 0.4057463070282641,
    "support": 808.0
  },
  "weighted avg": {
    "precision": 0.5082714521452145,
    "recall": 0.4715346534653465,
    "f1-score": 0.46402526250011766,
    "support": 808.0
  }
}